{
  "timestamp": "2026-01-04 11:33:47",
  "iterations": 2,
  "results": [
    {
      "name": "primes",
      "mode": "python",
      "iterations": 2,
      "total_time_ms": 0.01390004763379693,
      "avg_time_ms": 0.006950023816898465,
      "min_time_ms": 0.005600042641162872,
      "max_time_ms": 0.008300004992634058,
      "memory_kb": null
    },
    {
      "name": "primes",
      "mode": "interp-fast",
      "iterations": 2,
      "total_time_ms": 0.2788999699987471,
      "avg_time_ms": 0.13944998499937356,
      "min_time_ms": 0.0923000043258071,
      "max_time_ms": 0.18659996567294002,
      "memory_kb": null
    },
    {
      "name": "primes",
      "mode": "interp-proc",
      "iterations": 2,
      "total_time_ms": 522.6312999729998,
      "avg_time_ms": 261.3156499864999,
      "min_time_ms": 206.49650000268593,
      "max_time_ms": 316.1347999703139,
      "memory_kb": null
    }
  ]
}